company_id,company_name,okved_section,bucket,composite,n_flags,n_tier1,materiality,revenue_max,taxes_paid_total,flag_low_etr,flag_shell,flag_dividend,flag_margin,flag_identity,flag_yoy,flag_young_big,flag_wage
C0449,ПАО «Инвест-Ко-449»,Выращивание зерновых,urgent,72,6,3,745854682,1949480987,618041192,0,1,0,0,0,0,1,0
C0327,ПАО «Союз-Пром-327»,Грузоперевозки автомобильным транспортом,urgent,72,6,3,284530386,884088345,247637066,0,1,0,0,0,0,1,0
C0419,ООО «Кристалл-Холдинг-419»,Транспортная логистика,urgent,64,5,3,840374242,1985546514,893782801,0,1,0,0,0,0,1,0
C0008,ООО «Омега-Маркет-008»,Аудит и бухгалтерия,urgent,48,3,3,1693602836,2475772621,657281011,0,1,0,0,0,0,0,0
C0487,АО «Южный-Корп-487»,Аудит и бухгалтерия,urgent,48,3,3,1294976024,1971304032,607564904,0,1,0,0,0,0,0,0
C0234,ООО «Логист-Торг-234»,Лесозаготовка,urgent,48,3,3,910736724,1953803396,609565178,0,1,0,0,0,0,0,0
C0288,ООО «Премиум-Логистик-288»,Производство пластмасс,urgent,48,3,3,776605582,2660170435,1085991313,0,1,0,0,0,0,0,0
C0307,ООО «Капитал-Групп-307»,Гостиницы,urgent,48,3,3,711103717,1617237018,513667884,0,1,0,0,0,0,0,0
C0164,ПАО «Сигма-Сервис-164»,Рестораны и кафе,urgent,48,3,3,600442784,2069323803,587056982,0,1,0,0,0,0,0,0
C0226,ООО «Партнёр-Маркет-226»,Грузоперевозки автомобильным транспортом,urgent,48,3,3,391807009,1553353409,554769108,0,1,0,0,0,0,0,0
C0213,ПАО «Логист-Инвест-213»,Производство пластмасс,urgent,48,3,3,322129667,1457976993,529426287,0,1,0,0,0,0,0,0
C0193,ООО «Промт-Инвест-193»,Гостиницы,urgent,48,3,3,314738337,1260386522,520297941,0,1,0,0,0,0,0,0
C0069,АО «Металл-Групп-069»,IT-консалтинг,urgent,39,3,3,444101601,738902827,289437869,0,0,1,0,0,0,0,0
C0251,ПАО «Техно-Холдинг-251»,Выращивание зерновых,urgent,39,3,3,284027310,858012731,253862519,0,0,1,0,0,0,0,0
C0473,ПАО «Логист-Инжиниринг-473»,Производство металлоконструкций,background,47,4,3,189226732,856217188,301514416,0,0,1,0,0,0,1,0
C0409,АО «Строй-Групп-409»,Лесозаготовка,background,46.32460226175971,3,3,27479100,78154957,27479785,0,1,0,0,0,0,0,0
C0373,ООО «Промт-Маркет-373»,Строительство зданий,background,39,3,3,78917222,188260888,70213098,0,0,1,0,0,0,0,0
C0345,АО «Инвест-Корп-345»,Гостиницы,background,33.49500438937591,3,3,42696715,93140779,28009358,0,1,0,0,0,0,0,0
C0050,АО «Трейд-Инвест-050»,Гостиницы,background,31.02437415864577,3,3,32236566,83228467,24309754,0,1,0,0,0,0,0,0
C0221,ПАО «Южный-Групп-221»,Производство хлебобулочных изделий,background,30.567242804207297,4,0,489619992,1974125158,35793493,0,0,0,0,0,1,1,0
C0267,АО «Монолит-Холдинг-267»,Электромонтажные работы,background,30,3,3,179938843,545468904,150530751,0,0,1,0,0,0,0,0
C0417,АО «Техно-Пром-417»,Транспортная логистика,background,30,3,3,144909876,379017347,153595819,0,0,1,0,0,0,0,0
C0412,АО «Атлас-Торг-412»,Рестораны и кафе,background,30,3,3,51880781,126573895,43571317,0,0,1,0,0,0,0,0
C0420,ООО «Восточный-Корп-420»,Оптовая торговля,background,28.762229490077203,4,0,89000578,996852158,17419890,0,0,0,0,0,1,1,0
C0154,АО «Мастер-Инжиниринг-154»,Строительство зданий,background,27.49436441030454,3,3,31325408,108797189,28239618,0,1,0,0,0,0,0,0
C0163,АО «Северный-Сервис-163»,Гостиницы,background,25.957367482945802,4,0,2227092072,4540635144,65194950,0,0,0,0,0,1,1,0
C0476,ПАО «Восточный-Плюс-476»,Производство хлебобулочных изделий,background,24.577668608559733,3,3,20027652,77757445,23316918,0,1,0,0,0,0,0,0
C0499,АО «Партнёр-Ко-499»,Частная медицина,background,24,3,0,8717150575,25490692879,443735342,0,0,0,0,0,1,0,0
C0230,ПАО «Партнёр-Сервис-230»,Строительство зданий,background,24,3,0,8402089524,22841969653,7202613590,0,0,0,0,0,0,1,0
C0250,ПАО «Премиум-Торг-250»,Разработка ПО,background,24,3,0,3723337272,5221440627,2003356531,0,0,0,0,0,0,1,0
C0484,АО «Союз-Маркет-484»,Разработка ПО,background,24,3,0,3264763768,4986649120,1675384877,0,0,0,0,0,0,1,0
C0244,ООО «Сигма-Пром-244»,Частная медицина,background,24,3,0,2663407684,5580600532,1690296563,0,0,0,0,0,0,1,0
C0223,АО «Партнёр-Пром-223»,Производство хлебобулочных изделий,background,24,3,0,1699684658,4503305675,1556564491,0,0,0,0,0,0,1,0
C0380,ПАО «Ресурс-Пром-380»,Аудит и бухгалтерия,background,24,3,0,828408574,1771265202,42933818,0,0,0,0,0,1,0,0
C0235,АО «Вектор-Корп-235»,Производство алкогольных напитков,background,24,3,0,809415038,2851132222,997236562,0,0,0,0,0,0,1,0
C0120,АО «Северный-Ко-120»,Рестораны и кафе,background,24,3,0,388892063,1000897402,297226381,0,0,0,0,0,0,1,0
C0172,ООО «Металл-Ко-172»,Выращивание зерновых,background,24,3,0,134273975,418770138,7276134,0,0,0,0,0,1,0,0
C0492,ПАО «Сигма-Сервис-492»,Транспортная логистика,background,24,3,0,57814187,163330698,3574482,0,0,0,0,0,1,0,0
C0219,ООО «Южный-Инжиниринг-219»,Управленческий консалтинг,background,23.283639989706167,3,3,4697396,54525065,15151138,0,0,0,1,0,0,0,0
C0337,ПАО «Кристалл-Логистик-337»,Выращивание зерновых,background,22.796254619526618,3,0,410584657,883820398,286547202,0,0,0,0,0,0,1,0
C0162,АО «Атлас-Плюс-162»,Управленческий консалтинг,background,22.109158622951462,3,3,46222110,366922794,128041492,0,0,0,1,0,0,0,0
C0201,ООО «Мастер-Сервис-201»,Рестораны и кафе,background,21.406279992406336,3,0,73230246,283588999,6913494,0,0,0,0,0,1,0,0
C0254,ООО «Мастер-Инвест-254»,Управленческий консалтинг,background,21,3,3,734139320,1068672317,322241235,0,0,1,0,0,0,0,0
C0104,ПАО «Промт-Инжиниринг-104»,Рестораны и кафе,background,21,3,3,338418842,685539199,239211620,0,0,1,0,0,0,0,0
C0019,АО «Прогресс-Ко-019»,Гостиницы,background,21,3,3,118729324,359195147,102471868,0,0,1,0,0,0,0,0
C0293,АО «Мастер-Сервис-293»,Розничная торговля,background,20.850999201410342,3,0,19221714,186301155,4515787,0,0,0,0,0,1,0,0
C0285,ООО «Альфа-Корп-285»,Оптовая торговля,background,20.353634355169298,3,0,36323068,233547045,4521624,0,0,0,0,0,1,0,0
C0308,АО «Трейд-Сервис-308»,Аренда недвижимости,background,19.650449273933987,3,0,871945918,2162521398,42118509,0,0,0,0,0,1,0,0
C0099,АО «Восточный-Инжиниринг-099»,IT-консалтинг,background,19.247691935146115,3,0,47932056,67517905,1771150,0,0,0,0,0,1,0,0
C0088,ООО «Прогресс-Сервис-088»,Производство металлоконструкций,background,18.6326517562821,3,0,38082243,125601396,2765881,0,0,0,0,0,1,0,0
C0270,ООО «Монолит-Логистик-270»,Производство хлебобулочных изделий,background,17.33757731234402,3,0,182397688,827303596,329677113,0,0,0,0,0,0,1,0
C0211,ПАО «Мастер-Плюс-211»,Лесозаготовка,background,16.46181187857968,2,2,16724434,49269993,18564242,0,1,0,0,0,0,0,0
C0316,ПАО «Техно-Сервис-316»,Розничная торговля,background,16.02543112714757,3,0,44305786,909864256,21902579,0,0,0,0,0,1,0,0
C0037,ООО «Инвест-Групп-037»,Разработка ПО,background,16,2,0,3684589905,4874581493,2047085470,0,0,0,0,0,0,1,0
C0424,ООО «Атлас-Трейд-424»,Управленческий консалтинг,background,16,2,0,3511767794,5695324952,2067208725,0,0,0,0,0,0,1,0
C0263,ПАО «Кристалл-Корп-263»,Электромонтажные работы,background,16,2,0,1889350202,4341659594,1666431868,0,0,0,0,0,0,1,0
C0056,ООО «Мастер-Маркет-056»,Грузоперевозки автомобильным транспортом,background,16,2,0,1856691210,5230031225,1650470126,0,0,0,0,0,0,1,0
C0406,ООО «Партнёр-Групп-406»,Лесозаготовка,background,16,2,0,1855452798,5200098703,1592293640,0,0,0,0,0,0,1,0
C0489,ООО «Финанс-Трейд-489»,Производство хлебобулочных изделий,background,16,2,0,884232537,3267540212,860549365,0,0,0,0,0,0,1,0
C0498,АО «Гранит-Плюс-498»,Производство металлоконструкций,background,16,2,0,425724158,1475599275,601487922,0,0,0,0,0,0,1,0
C0065,АО «Трейд-Ко-065»,Частная медицина,background,15.975700396617551,2,2,42399153,97424968,36576805,0,1,0,0,0,0,0,0
C0077,ООО «Монолит-Логистик-077»,Управленческий консалтинг,background,15.603720678939574,2,2,90045551,634922363,216617839,0,0,0,1,0,0,0,0
C0464,ООО «Строй-Холдинг-464»,Транспортная логистика,background,15.444718814751202,3,0,203707349,612246031,221791909,0,0,0,0,0,0,1,0
C0124,ООО «Северный-Сервис-124»,Аренда недвижимости,background,15.222904608983153,3,0,31835708,91833621,1720160,0,0,0,0,0,1,0,0
C0332,АО «Восточный-Торг-332»,Управленческий консалтинг,background,15.10666245316314,2,2,8954375,96002842,25856213,0,0,0,1,0,0,0,0
C0465,ООО «Логист-Маркет-465»,Транспортная логистика,background,15.0588345499356,2,2,3485806,42931536,13830058,0,0,0,1,0,0,0,0
C0123,ООО «Премиум-Пром-123»,Производство хлебобулочных изделий,background,14.01596488082868,3,0,147395167,707912637,235393531,0,0,0,0,0,0,1,0
C0138,ПАО «Мастер-Корп-138»,Производство хлебобулочных изделий,background,13.172062684183185,2,0,219687528,862533198,410813315,0,0,0,0,0,0,1,0
C0142,ООО «Сигма-Групп-142»,Гостиницы,background,12.85668957096724,2,0,369107631,851699971,221894091,0,0,0,0,0,0,1,0
C0416,АО «Союз-Корп-416»,IT-консалтинг,background,12.813212706397376,2,0,374678456,653035727,202622526,0,0,0,0,0,0,1,0
C0082,АО «Финанс-Групп-082»,Аудит и бухгалтерия,background,12.454605948723987,3,0,1703821735,2786489704,1029399927,0,0,0,0,0,0,1,0
C0423,ООО «Союз-Пром-423»,IT-консалтинг,background,11.61032688036207,2,0,435970976,609327585,168850265,0,0,0,0,0,0,1,0
C0338,АО «Промт-Инвест-338»,Производство пластмасс,background,10.913254842199107,3,0,8955973,60577610,16309116,0,0,0,0,0,1,0,0
C0121,АО «Строй-Сервис-121»,Розничная торговля,background,10.124429208875863,2,0,91797478,732990582,212941518,0,0,0,0,0,0,1,0
C0356,АО «Партнёр-Сервис-356»,Оптовая торговля,background,9.660962554886737,2,0,141434019,1136688461,332996366,0,0,0,0,0,0,1,0
C0106,ООО «Восточный-Плюс-106»,Производство хлебобулочных изделий,background,9.659416903190522,2,0,166767310,636840669,283882452,0,0,0,0,0,0,1,0
C0349,АО «Партнёр-Инвест-349»,Производство хлебобулочных изделий,background,8.352435896217635,2,0,189528592,724005922,215993350,0,0,0,0,0,0,1,0
C0063,ООО «Прогресс-Плюс-063»,IT-консалтинг,background,8.037398262853479,1,1,166326759,1537473168,558189322,0,0,0,1,0,0,0,0
C0422,АО «Промт-Маркет-422»,Грузоперевозки автомобильным транспортом,background,8,1,0,2324311857,5313359838,1849436274,0,0,0,0,0,0,1,0
C0155,ПАО «Северный-Логистик-155»,Электромонтажные работы,background,8,1,0,2235471708,5549576039,1877979656,0,0,0,0,0,0,1,0
C0282,ООО «Атлас-Маркет-282»,Электромонтажные работы,background,8,1,0,1865310433,4833194932,2252303447,0,0,0,0,0,0,1,0
C0433,ПАО «Монолит-Трейд-433»,Грузоперевозки автомобильным транспортом,background,8,1,0,603002146,1913743511,453840643,0,0,0,0,0,0,1,0
C0134,ПАО «Партнёр-Ко-134»,Производство алкогольных напитков,background,7.663636144919008,1,1,12997912,63270498,22271171,0,1,0,0,0,0,0,0
C0085,ПАО «Восточный-Маркет-085»,Производство металлоконструкций,background,7.416881546574682,1,1,15795015,60717623,20080962,0,1,0,0,0,0,0,0
C0048,АО «Промт-Ко-048»,IT-консалтинг,background,7.375472814282697,1,1,3895764644,29622950104,10364574518,0,0,0,1,0,0,0,0
C0299,ООО «Техно-Инжиниринг-299»,Управленческий консалтинг,background,7.302201101072794,1,0,126180993,868103116,332787509,0,0,0,0,0,0,1,0
C0434,ООО «Трейд-Трейд-434»,Аренда недвижимости,background,7.2822688997934755,1,1,37933579,87015998,34585604,0,1,0,0,0,0,0,0
C0137,ООО «Капитал-Инжиниринг-137»,Строительство зданий,background,7.106539061493192,1,1,24730776,48751125,10860683,0,1,0,0,0,0,0,0
C0331,АО «Мастер-Групп-331»,Выращивание зерновых,background,7.090889178369854,1,1,17403533,39918156,12491352,0,1,0,0,0,0,0,0
C0126,ПАО «Кристалл-Плюс-126»,Производство хлебобулочных изделий,background,5.371759507535724,1,0,193452418,665217642,244834898,0,0,0,0,0,0,1,0
C0256,АО «Бизнес-Корп-256»,Лесозаготовка,background,5.12879926751399,1,0,180341391,688137555,244581349,0,0,0,0,0,0,1,0
C0047,ПАО «Вектор-Групп-047»,Розничная торговля,background,4.5164126826957185,1,0,112211403,677668261,245757671,0,0,0,0,0,0,1,0
C0343,АО «Инвест-Групп-343»,IT-консалтинг,background,4.361431393847647,1,0,301989649,459890307,218391408,0,0,0,0,0,0,1,0
C0261,АО «Монолит-Логистик-261»,Розничная торговля,background,4.023479287158034,1,0,70599059,651343124,257121284,0,0,0,0,0,0,1,0
C0109,ПАО «Капитал-Трейд-109»,Оптовая торговля,background,3.5392102718184497,1,0,192449352,909900527,285568945,0,0,0,0,0,0,1,0
C0177,АО «Северный-Инвест-177»,Выращивание зерновых,economic_signal,0,0,0,19118317733,46729674206,18521117205,0,0,0,0,0,0,0,0
C0044,АО «Промт-Инжиниринг-044»,Транспортная логистика,economic_signal,0,0,0,17211360461,43665103395,13524589862,0,0,0,0,0,0,0,0
C0024,АО «Южный-Инжиниринг-024»,Транспортная логистика,economic_signal,0,0,0,7432828048,21453013550,8085711492,0,0,0,0,0,0,0,0
C0196,ПАО «Ресурс-Корп-196»,Строительство зданий,economic_signal,0,0,0,4849538260,12343334008,2824099368,0,0,0,0,0,0,0,0
C0330,АО «Прогресс-Пром-330»,Разработка ПО,economic_signal,0,0,0,4520642657,8553209331,1750737768,0,0,0,0,0,0,0,0
C0396,ПАО «Южный-Групп-396»,Розничная торговля,economic_signal,0,0,0,2846816395,21322274910,6001238942,0,0,0,0,0,0,0,0
C0114,АО «Южный-Трейд-114»,Управленческий консалтинг,economic_signal,0,0,0,2631732643,4451487795,1219382544,0,0,0,0,0,0,0,0
C0440,ПАО «Вектор-Пром-440»,Выращивание зерновых,economic_signal,0,0,0,2365008945,5961527907,1884170376,0,0,0,0,0,0,0,0
C0148,ООО «Ресурс-Ко-148»,Рестораны и кафе,economic_signal,0,0,0,2162965826,5272292210,2178321490,0,0,0,0,0,0,0,0
C0472,ООО «Союз-Пром-472»,Частная медицина,economic_signal,0,0,0,1901341499,3985351446,1800692196,0,0,0,0,0,0,0,0
C0094,ООО «Бизнес-Пром-094»,Производство алкогольных напитков,economic_signal,0,0,0,1751753303,6062760647,1954056676,0,0,0,0,0,0,0,0
C0205,АО «Финанс-Инжиниринг-205»,Аудит и бухгалтерия,economic_signal,0,0,0,1692773949,2617831098,846709454,0,0,0,0,0,0,0,0
C0304,АО «Союз-Ко-304»,Электромонтажные работы,economic_signal,0,0,0,1596473929,3889725487,1311205473,0,0,0,0,0,0,0,0
C0112,ООО «Ресурс-Корп-112»,Производство хлебобулочных изделий,economic_signal,0,0,0,1587190384,6153713344,2607504714,0,0,0,0,0,0,0,0
C0240,АО «Капитал-Логистик-240»,Производство металлоконструкций,economic_signal,0,0,0,1359026366,5201997766,2174150616,0,0,0,0,0,0,0,0
C0025,АО «Вектор-Ко-025»,Транспортная логистика,economic_signal,0,0,0,1298696916,3326705202,1334463639,0,0,0,0,0,0,0,0
C0437,АО «Восточный-Торг-437»,Разработка ПО,economic_signal,0,0,0,1239463162,2192038509,719521073,0,0,0,0,0,0,0,0
C0038,ПАО «Южный-Холдинг-038»,Аренда недвижимости,economic_signal,0,0,0,1229047776,3416438317,1318725275,0,0,0,0,0,0,0,0
C0158,ООО «Строй-Торг-158»,Аудит и бухгалтерия,economic_signal,0,0,0,1215642779,1953529423,564380690,0,0,0,0,0,0,0,0
C0016,АО «Промт-Групп-016»,Производство металлоконструкций,economic_signal,0,0,0,1164445873,5485631011,1388890473,0,0,0,0,0,0,0,0
C0258,ООО «Строй-Пром-258»,Производство алкогольных напитков,economic_signal,0,0,0,1153600861,6574775231,1791001788,0,0,0,0,0,0,0,0
C0259,ООО «Атлас-Инвест-259»,Производство алкогольных напитков,economic_signal,0,0,0,1123692391,3656507144,996204082,0,0,0,0,0,0,0,0
C0052,ПАО «Южный-Плюс-052»,Производство хлебобулочных изделий,economic_signal,0,0,0,1121676578,3213127665,977615897,0,0,0,0,0,0,0,0
C0020,АО «Техно-Пром-020»,Производство хлебобулочных изделий,economic_signal,0,0,0,907117849,3196916149,1003604338,0,0,0,0,0,0,0,0
C0347,АО «Кристалл-Корп-347»,Транспортная логистика,economic_signal,0,0,0,890772934,2514459402,902033054,0,0,0,0,0,0,0,0
C0231,АО «Альфа-Инвест-231»,Производство алкогольных напитков,economic_signal,0,0,0,759502617,3156461472,1199165118,0,0,0,0,0,0,0,0
C0454,АО «Промт-Ко-454»,Рестораны и кафе,economic_signal,0,0,0,751173159,1893185643,626798396,0,0,0,0,0,0,0,0
C0317,ООО «Гранит-Холдинг-317»,IT-консалтинг,economic_signal,0,0,0,712467629,1139420417,337414285,0,0,0,0,0,0,0,0
C0187,ООО «Северный-Инвест-187»,Аудит и бухгалтерия,economic_signal,0,0,0,630394966,845893773,299538641,0,0,0,0,0,0,0,0
C0152,ПАО «Промт-Плюс-152»,Производство хлебобулочных изделий,economic_signal,0,0,0,619582684,2120990963,669444254,0,0,0,0,0,0,0,0
C0165,ООО «Промт-Трейд-165»,Разработка ПО,economic_signal,0,0,0,615256346,900408333,250172272,0,0,0,0,0,0,0,0
C0378,ООО «Омега-Ко-378»,Разработка ПО,economic_signal,0,0,0,554565206,927032889,270589482,0,0,0,0,0,0,0,0
C0334,ПАО «Северный-Сервис-334»,Разработка ПО,economic_signal,0,0,0,549148178,863188649,173053129,0,0,0,0,0,0,0,0
C0170,АО «Логист-Инвест-170»,IT-консалтинг,economic_signal,0,0,0,508183595,850501548,290153105,0,0,0,0,0,0,0,0
C0175,АО «Северный-Сервис-175»,IT-консалтинг,economic_signal,0,0,0,478366250,641674744,244443910,0,0,0,0,0,0,0,0
C0276,ООО «Атлас-Логистик-276»,Выращивание зерновых,economic_signal,0,0,0,474899936,1518186371,436941492,0,0,0,0,0,0,0,0
C0287,АО «Металл-Инвест-287»,Частная медицина,economic_signal,0,0,0,461662592,1199266537,335319896,0,0,0,0,0,0,0,0
C0093,ООО «Северный-Трейд-093»,Аудит и бухгалтерия,economic_signal,0,0,0,459765940,681167158,261233382,0,0,0,0,0,0,0,0
C0395,АО «Южный-Инвест-395»,Розничная торговля,economic_signal,0,0,0,437126116,2813421904,844133789,0,0,0,0,0,0,0,0
C0160,ПАО «Промт-Сервис-160»,Аудит и бухгалтерия,economic_signal,0,0,0,390282267,675129352,241382333,0,0,0,0,0,0,0,0
C0113,ПАО «Капитал-Логистик-113»,Грузоперевозки автомобильным транспортом,economic_signal,0,0,0,385669781,4443629566,1068224440,0,0,0,0,0,0,0,0
C0100,ПАО «Капитал-Плюс-100»,Управленческий консалтинг,economic_signal,0,0,0,370031371,612193977,233879710,0,0,0,0,0,0,0,0
C0209,АО «Восточный-Логистик-209»,Строительство зданий,economic_signal,0,0,0,341268098,922452313,336953727,0,0,0,0,0,0,0,0
C0294,ПАО «Мастер-Торг-294»,Аренда недвижимости,economic_signal,0,0,0,335233627,740482823,288806160,0,0,0,0,0,0,0,0
C0488,ПАО «Прогресс-Пром-488»,Грузоперевозки автомобильным транспортом,economic_signal,0,0,0,313008188,878115677,276661163,0,0,0,0,0,0,0,0
C0116,ООО «Союз-Плюс-116»,Строительство зданий,economic_signal,0,0,0,306052273,687087994,259559655,0,0,0,0,0,0,0,0
C0339,ПАО «Металл-Инвест-339»,Аренда недвижимости,economic_signal,0,0,0,297385317,937054838,335587385,0,0,0,0,0,0,0,0
C0097,ПАО «Партнёр-Трейд-097»,Лесозаготовка,economic_signal,0,0,0,295421457,555766359,214376833,0,0,0,0,0,0,0,0
C0189,ПАО «Атлас-Пром-189»,Лесозаготовка,economic_signal,0,0,0,295090027,682213823,232778167,0,0,0,0,0,0,0,0
C0074,ПАО «Восточный-Трейд-074»,Электромонтажные работы,economic_signal,0,0,0,293639766,630827227,194702421,0,0,0,0,0,0,0,0
C0328,ООО «Союз-Холдинг-328»,Лесозаготовка,economic_signal,0,0,0,285452265,713651049,280307660,0,0,0,0,0,0,0,0
C0475,ПАО «Промт-Инвест-475»,Строительство зданий,economic_signal,0,0,0,281176889,684320137,239376548,0,0,0,0,0,0,0,0
C0384,ООО «Союз-Трейд-384»,Аренда недвижимости,economic_signal,0,0,0,276018615,669730149,299021063,0,0,0,0,0,0,0,0
C0405,ПАО «Северный-Корп-405»,Строительство зданий,economic_signal,0,0,0,275324480,826450156,287872687,0,0,0,0,0,0,0,0
C0168,ООО «Капитал-Логистик-168»,Производство пластмасс,not_flagged,0,0,0,264400916,862752881,278234902,0,0,0,0,0,0,0,0
C0107,АО «Омега-Холдинг-107»,Оптовая торговля,not_flagged,0,0,0,263556468,1712528983,675426756,0,0,0,0,0,0,0,0
C0026,АО «Техно-Маркет-026»,Разработка ПО,not_flagged,0,0,0,252298039,446137004,131016062,0,0,0,0,0,0,0,0
C0366,ООО «Трейд-Логистик-366»,Производство металлоконструкций,not_flagged,0,0,0,241556426,829146523,223836995,0,0,0,0,0,0,0,0
C0032,АО «Инвест-Логистик-032»,Лесозаготовка,not_flagged,0,0,0,234958434,551414954,199795478,0,0,0,0,0,0,0,0
C0191,ООО «Северный-Инвест-191»,Выращивание зерновых,not_flagged,0,0,0,232366565,854673973,241988209,0,0,0,0,0,0,0,0
C0387,АО «Инвест-Групп-387»,Гостиницы,not_flagged,0,0,0,229943561,460197281,133121195,0,0,0,0,0,0,0,0
C0012,ООО «Южный-Логистик-012»,Розничная торговля,not_flagged,0,0,0,226565092,2046522983,836885538,0,0,0,0,0,0,0,0
C0248,ООО «Ресурс-Инвест-248»,Гостиницы,not_flagged,0,0,0,224274285,549866582,204056291,0,0,0,0,0,0,0,0
C0383,ПАО «Инвест-Торг-383»,Управленческий консалтинг,not_flagged,0,0,0,219635348,317923628,131053644,0,0,0,0,0,0,0,0
C0439,АО «Прогресс-Логистик-439»,IT-консалтинг,not_flagged,0,0,0,219470549,305018768,131510596,0,0,0,0,0,0,0,0
C0438,АО «Южный-Логистик-438»,Рестораны и кафе,not_flagged,0,0,0,213636567,496896417,230955433,0,0,0,0,0,0,0,0
C0479,АО «Вектор-Инвест-479»,Строительство зданий,not_flagged,0,0,0,213194221,486525998,208941478,0,0,0,0,0,0,0,0
C0483,АО «Южный-Корп-483»,Лесозаготовка,not_flagged,0,0,0,211764880,513260698,133715345,0,0,0,0,0,0,0,0
C0051,ПАО «Финанс-Сервис-051»,IT-консалтинг,not_flagged,0,0,0,211640177,410689202,177087307,0,0,0,0,0,0,0,0
C0068,ООО «Капитал-Инжиниринг-068»,Электромонтажные работы,not_flagged,0,0,0,210676929,480123690,130079544,0,0,0,0,0,0,0,0
C0296,АО «Союз-Инжиниринг-296»,Производство хлебобулочных изделий,not_flagged,0,0,0,209360252,842833668,275299844,0,0,0,0,0,0,0,0
C0359,ООО «Сигма-Логистик-359»,Производство металлоконструкций,not_flagged,0,0,0,207832209,826377858,264972750,0,0,0,0,0,0,0,0
C0273,ООО «Трейд-Сервис-273»,Производство пластмасс,not_flagged,0,0,0,205979523,691865406,221095784,0,0,0,0,0,0,0,0
C0372,ООО «Финанс-Торг-372»,Аренда недвижимости,not_flagged,0,0,0,205308528,657345870,262449435,0,0,0,0,0,0,0,0
C0058,ПАО «Промт-Логистик-058»,Аренда недвижимости,not_flagged,0,0,0,190475963,542405943,236277425,0,0,0,0,0,0,0,0
C0358,АО «Премиум-Инжиниринг-358»,Электромонтажные работы,not_flagged,0,0,0,190090571,476026655,142732616,0,0,0,0,0,0,0,0
C0411,ООО «Южный-Ко-411»,Управленческий консалтинг,not_flagged,0,0,0,188856070,290189124,101625333,0,0,0,0,0,0,0,0
C0083,АО «Техно-Ко-083»,Аудит и бухгалтерия,not_flagged,0,0,0,188011944,285596190,80127721,0,0,0,0,0,0,0,0
C0447,ПАО «Финанс-Инжиниринг-447»,Электромонтажные работы,not_flagged,0,0,0,185570417,589552786,222125086,0,0,0,0,0,0,0,0
C0229,АО «Прогресс-Торг-229»,Аудит и бухгалтерия,not_flagged,0,0,0,179974049,245619043,58431503,0,0,0,0,0,0,0,0
C0182,АО «Южный-Инжиниринг-182»,Аренда недвижимости,not_flagged,0,0,0,176989347,525751244,213246460,0,0,0,0,0,0,0,0
C0460,АО «Бизнес-Логистик-460»,Лесозаготовка,not_flagged,0,0,0,175343168,461499911,138019927,0,0,0,0,0,0,0,0
C0003,ПАО «Трейд-Корп-003»,Частная медицина,not_flagged,0,0,0,173092951,588511795,225490292,0,0,0,0,0,0,0,0
C0190,ООО «Сигма-Ко-190»,Лесозаготовка,not_flagged,0,0,0,172611669,524582971,190924025,0,0,0,0,0,0,0,0
C0174,ООО «Техно-Маркет-174»,Лесозаготовка,not_flagged,0,0,0,169138570,605069712,180702722,0,0,0,0,0,0,0,0
C0376,ПАО «Северный-Логистик-376»,Лесозаготовка,not_flagged,0,0,0,167794491,369232643,117276679,0,0,0,0,0,0,0,0
C0445,ПАО «Монолит-Логистик-445»,Производство пластмасс,not_flagged,0,0,0,166062801,473374146,142160684,0,0,0,0,0,0,0,0
C0490,АО «Кристалл-Холдинг-490»,Электромонтажные работы,not_flagged,0,0,0,164202899,461655954,164610097,0,0,0,0,0,0,0,0
C0480,ООО «Финанс-Инжиниринг-480»,Гостиницы,not_flagged,0,0,0,154888375,415083766,142200365,0,0,0,0,0,0,0,0
C0243,АО «Партнёр-Маркет-243»,Производство алкогольных напитков,not_flagged,0,0,0,149461018,616199170,149292066,0,0,0,0,0,0,0,0
C0446,ООО «Промт-Сервис-446»,Гостиницы,not_flagged,0,0,0,147884026,319572272,110820133,0,0,0,0,0,0,0,0
C0381,ПАО «Трейд-Логистик-381»,Лесозаготовка,not_flagged,0,0,0,145550048,324690847,78048503,0,0,0,0,0,0,0,0
C0275,ПАО «Атлас-Корп-275»,Производство металлоконструкций,not_flagged,0,0,0,141161170,596724526,170241442,0,0,0,0,0,0,0,0
C0393,ООО «Кристалл-Сервис-393»,Частная медицина,not_flagged,0,0,0,136662280,572739256,157387612,0,0,0,0,0,0,0,0
C0361,ПАО «Бизнес-Плюс-361»,Гостиницы,not_flagged,0,0,0,126704219,476203873,164814422,0,0,0,0,0,0,0,0
C0232,ООО «Техно-Ко-232»,Аренда недвижимости,not_flagged,0,0,0,121227785,315205364,130070687,0,0,0,0,0,0,0,0
C0002,ООО «Союз-Инвест-002»,Разработка ПО,not_flagged,0,0,0,120961797,182270607,63109194,0,0,0,0,0,0,0,0
C0005,ООО «Техно-Логистик-005»,Производство пластмасс,not_flagged,0,0,0,115379830,471537718,150656249,0,0,0,0,0,0,0,0
C0478,АО «Металл-Сервис-478»,Оптовая торговля,not_flagged,0,0,0,115349714,949753618,262020459,0,0,0,0,0,0,0,0
C0018,ПАО «Строй-Инжиниринг-018»,Оптовая торговля,not_flagged,0,0,0,110748931,611895234,250158521,0,0,0,0,0,0,0,0
C0344,ООО «Прогресс-Холдинг-344»,Лесозаготовка,not_flagged,0,0,0,110343410,297296180,83090467,0,0,0,0,0,0,0,0
C0227,ПАО «Логист-Логистик-227»,Аудит и бухгалтерия,not_flagged,0,0,0,106883602,472540154,118600315,0,0,0,0,0,0,0,0
C0255,ПАО «Сигма-Групп-255»,Грузоперевозки автомобильным транспортом,not_flagged,0,0,0,105485406,305500373,84255133,0,0,0,0,0,0,0,0
C0392,АО «Инвест-Торг-392»,Аренда недвижимости,not_flagged,0,0,0,101750518,226896375,79962607,0,0,0,0,0,0,0,0
C0225,АО «Южный-Сервис-225»,Транспортная логистика,not_flagged,0,0,0,94822845,279698835,107674685,0,0,0,0,0,0,0,0
C0272,ПАО «Южный-Инвест-272»,Производство металлоконструкций,not_flagged,0,0,0,92594500,396440393,137520175,0,0,0,0,0,0,0,0
C0371,АО «Промт-Торг-371»,Оптовая торговля,not_flagged,0,0,0,91786169,804218675,211090803,0,0,0,0,0,0,0,0
C0274,ПАО «Ресурс-Трейд-274»,Производство пластмасс,not_flagged,0,0,0,90087152,439794195,147747048,0,0,0,0,0,0,0,0
C0053,ПАО «Партнёр-Инжиниринг-053»,Строительство зданий,not_flagged,0,0,0,88047255,183941100,84760126,0,0,0,0,0,0,0,0
C0212,АО «Северный-Логистик-212»,Оптовая торговля,not_flagged,0,0,0,85478636,544817181,173237852,0,0,0,0,0,0,0,0
C0368,ООО «Союз-Трейд-368»,Производство пластмасс,not_flagged,0,0,0,82955287,310303206,106718538,0,0,0,0,0,0,0,0
C0444,ПАО «Прогресс-Трейд-444»,Лесозаготовка,not_flagged,0,0,0,75531559,211052169,34956235,0,0,0,0,0,0,0,0
C0009,ПАО «Монолит-Инвест-009»,Производство алкогольных напитков,not_flagged,0,0,0,74214461,258353657,89568430,0,0,0,0,0,0,0,0
C0202,АО «Логист-Пром-202»,Управленческий консалтинг,not_flagged,0,0,0,73992778,99849676,45650317,0,0,0,0,0,0,0,0
C0314,ООО «Сигма-Сервис-314»,Лесозаготовка,not_flagged,0,0,0,71160486,170429296,42350874,0,0,0,0,0,0,0,0
C0101,ООО «Южный-Плюс-101»,Производство алкогольных напитков,not_flagged,0,0,0,70970350,315150146,121186744,0,0,0,0,0,0,0,0
C0266,ООО «Промт-Корп-266»,Электромонтажные работы,not_flagged,0,0,0,70562755,226656364,87131271,0,0,0,0,0,0,0,0
C0427,ООО «Вектор-Групп-427»,Оптовая торговля,not_flagged,0,0,0,69494766,313222470,109492147,0,0,0,0,0,0,0,0
C0220,ПАО «Вектор-Инжиниринг-220»,IT-консалтинг,not_flagged,0,0,0,68778214,92279941,22944689,0,0,0,0,0,0,0,0
C0224,ПАО «Инвест-Ко-224»,Производство металлоконструкций,not_flagged,0,0,0,66749994,332186163,119362998,0,0,0,0,0,0,0,0
C0210,ПАО «Трейд-Трейд-210»,Лесозаготовка,not_flagged,0,0,0,63590828,190685982,50605078,0,0,0,0,0,0,0,0
C0035,АО «Монолит-Холдинг-035»,Управленческий консалтинг,not_flagged,0,0,0,62322120,98266457,29712092,0,0,0,0,0,0,0,0
C0133,АО «Альфа-Логистик-133»,Управленческий консалтинг,not_flagged,0,0,0,61262118,111313948,30249944,0,0,0,0,0,0,0,0
C0233,АО «Южный-Плюс-233»,Аудит и бухгалтерия,not_flagged,0,0,0,57474082,106748385,33073759,0,0,0,0,0,0,0,0
C0125,ПАО «Финанс-Маркет-125»,Управленческий консалтинг,not_flagged,0,0,0,52857684,81784906,25299517,0,0,0,0,0,0,0,0
C0076,ООО «Инвест-Инвест-076»,Разработка ПО,not_flagged,0,0,0,51707869,81454381,25930503,0,0,0,0,0,0,0,0
C0117,ООО «Промт-Групп-117»,IT-консалтинг,not_flagged,0,0,0,51482276,74727968,22558829,0,0,0,0,0,0,0,0
C0072,ООО «Бизнес-Корп-072»,IT-консалтинг,not_flagged,0,0,0,48141433,68838966,17953472,0,0,0,0,0,0,0,0
C0408,ООО «Премиум-Трейд-408»,IT-консалтинг,not_flagged,0,0,0,48054355,71980831,28134567,0,0,0,0,0,0,0,0
C0186,ООО «Омега-Холдинг-186»,Разработка ПО,not_flagged,0,0,0,47069622,76001173,23429627,0,0,0,0,0,0,0,0
C0283,ООО «Монолит-Инвест-283»,Управленческий консалтинг,not_flagged,0,0,0,46775398,64848222,14763041,0,0,0,0,0,0,0,0
C0277,АО «Восточный-Трейд-277»,Оптовая торговля,not_flagged,0,0,0,45790633,270483851,90273082,0,0,0,0,0,0,0,0
C0367,ООО «Монолит-Торг-367»,Розничная торговля,not_flagged,0,0,0,44598936,408814331,128877961,0,0,0,0,0,0,0,0
C0194,ПАО «Южный-Торг-194»,Выращивание зерновых,not_flagged,0,0,0,44022728,89111917,21762023,0,0,0,0,0,0,0,0
C0325,ООО «Атлас-Логистик-325»,Разработка ПО,not_flagged,0,0,0,43315692,72041106,23318919,0,0,0,0,0,0,0,0
C0031,АО «Союз-Маркет-031»,IT-консалтинг,not_flagged,0,0,0,43189356,74143626,29988736,0,0,0,0,0,0,0,0
C0286,АО «Инвест-Инвест-286»,Строительство зданий,not_flagged,0,0,0,42244874,86596189,26419153,0,0,0,0,0,0,0,0
C0466,АО «Гранит-Корп-466»,IT-консалтинг,not_flagged,0,0,0,41257003,60449530,15729201,0,0,0,0,0,0,0,0
C0010,ПАО «Строй-Холдинг-010»,Оптовая торговля,not_flagged,0,0,0,41160681,378100090,129067242,0,0,0,0,0,0,0,0
C0185,АО «Трейд-Корп-185»,IT-консалтинг,not_flagged,0,0,0,41153820,62383875,19590016,0,0,0,0,0,0,0,0
C0027,АО «Капитал-Торг-027»,Гостиницы,not_flagged,0,0,0,40412121,87014579,25989438,0,0,0,0,0,0,0,0
C0351,АО «Прогресс-Инжиниринг-351»,Аренда недвижимости,not_flagged,0,0,0,40259677,84254438,29951099,0,0,0,0,0,0,0,0
C0410,АО «Северный-Торг-410»,IT-консалтинг,not_flagged,0,0,0,39224982,68763268,21305213,0,0,0,0,0,0,0,0
C0462,ООО «Трейд-Холдинг-462»,Аудит и бухгалтерия,not_flagged,0,0,0,38787574,332530316,132916088,0,0,0,0,0,0,0,0
C0451,ПАО «Ресурс-Пром-451»,Управленческий консалтинг,not_flagged,0,0,0,38519143,66686487,21730035,0,0,0,0,0,0,0,0
C0297,ООО «Вектор-Пром-297»,Частная медицина,not_flagged,0,0,0,38236905,95249003,35481060,0,0,0,0,0,0,0,0
C0011,ООО «Северный-Корп-011»,Оптовая торговля,not_flagged,0,0,0,37203793,517499803,157203133,0,0,0,0,0,0,0,0
C0135,АО «Логист-Сервис-135»,Транспортная логистика,not_flagged,0,0,0,36393734,73321662,17724746,0,0,0,0,0,0,0,0
C0340,АО «Южный-Маркет-340»,Управленческий консалтинг,not_flagged,0,0,0,36081640,55500178,21045902,0,0,0,0,0,0,0,0
C0471,ООО «Омега-Пром-471»,Разработка ПО,not_flagged,0,0,0,35802498,52360687,19135674,0,0,0,0,0,0,0,0
C0430,АО «Омега-Групп-430»,Рестораны и кафе,not_flagged,0,0,0,35718123,68258647,26779967,0,0,0,0,0,0,0,0
C0278,ПАО «Промт-Маркет-278»,Разработка ПО,not_flagged,0,0,0,34751981,53727261,20141780,0,0,0,0,0,0,0,0
C0049,ПАО «Мастер-Маркет-049»,Электромонтажные работы,not_flagged,0,0,0,34653405,89573486,32600525,0,0,0,0,0,0,0,0
C0091,ООО «Восточный-Групп-091»,Лесозаготовка,not_flagged,0,0,0,34646552,75957064,19277491,0,0,0,0,0,0,0,0
C0157,ООО «Финанс-Ко-157»,Электромонтажные работы,not_flagged,0,0,0,34608166,82360282,35253343,0,0,0,0,0,0,0,0
C0004,ПАО «Партнёр-Маркет-004»,Производство хлебобулочных изделий,not_flagged,0,0,0,34402030,138224836,59123598,0,0,0,0,0,0,0,0
C0260,ООО «Монолит-Корп-260»,Строительство зданий,not_flagged,0,0,0,34272975,79934655,22679686,0,0,0,0,0,0,0,0
C0391,ООО «Союз-Плюс-391»,Управленческий консалтинг,not_flagged,0,0,0,34269252,49712310,19400963,0,0,0,0,0,0,0,0
C0239,АО «Финанс-Ко-239»,Выращивание зерновых,not_flagged,0,0,0,33695516,78196629,19836804,0,0,0,0,0,0,0,0
C0346,ПАО «Партнёр-Маркет-346»,Управленческий консалтинг,not_flagged,0,0,0,33474507,45677414,15317458,0,0,0,0,0,0,0,0
C0354,ООО «Атлас-Корп-354»,Аренда недвижимости,not_flagged,0,0,0,32801921,67030318,26364701,0,0,0,0,0,0,0,0
C0098,ООО «Монолит-Ко-098»,Транспортная логистика,not_flagged,0,0,0,32540876,91171658,28641308,0,0,0,0,0,0,0,0
C0290,ПАО «Монолит-Ко-290»,Выращивание зерновых,not_flagged,0,0,0,32342947,76182389,31432659,0,0,0,0,0,0,0,0
C0369,ПАО «Строй-Торг-369»,Выращивание зерновых,not_flagged,0,0,0,32319306,67502522,20071798,0,0,0,0,0,0,0,0
C0309,АО «Трейд-Торг-309»,Транспортная логистика,not_flagged,0,0,0,32226040,90402437,20999406,0,0,0,0,0,0,0,0
C0060,АО «Атлас-Логистик-060»,Гостиницы,not_flagged,0,0,0,31922591,71203255,20174939,0,0,0,0,0,0,0,0
C0336,АО «Промт-Инвест-336»,Производство алкогольных напитков,not_flagged,0,0,0,31551660,94537843,33257763,0,0,0,0,0,0,0,0
C0103,ООО «Вектор-Логистик-103»,Управленческий консалтинг,not_flagged,0,0,0,31541180,51122597,14562406,0,0,0,0,0,0,0,0
C0030,ООО «Инвест-Трейд-030»,Оптовая торговля,not_flagged,0,0,0,31232487,185967936,65961039,0,0,0,0,0,0,0,0
C0228,ООО «Мастер-Маркет-228»,Лесозаготовка,not_flagged,0,0,0,31194678,75963031,23131153,0,0,0,0,0,0,0,0
C0045,АО «Инвест-Трейд-045»,Гостиницы,not_flagged,0,0,0,31135251,88117504,36746556,0,0,0,0,0,0,0,0
C0246,ООО «Гранит-Маркет-246»,Выращивание зерновых,not_flagged,0,0,0,30949521,79105895,30653683,0,0,0,0,0,0,0,0
C0491,ПАО «Восточный-Холдинг-491»,Управленческий консалтинг,not_flagged,0,0,0,30757968,48743262,13532574,0,0,0,0,0,0,0,0
C0363,ПАО «Сигма-Трейд-363»,Гостиницы,not_flagged,0,0,0,30368566,68134384,19385280,0,0,0,0,0,0,0,0
C0312,АО «Капитал-Холдинг-312»,Управленческий консалтинг,not_flagged,0,0,0,30292583,43143260,11227404,0,0,0,0,0,0,0,0
C0029,АО «Трейд-Логистик-029»,Электромонтажные работы,not_flagged,0,0,0,30234130,72093500,29388863,0,0,0,0,0,0,0,0
C0269,ООО «Промт-Инвест-269»,IT-консалтинг,not_flagged,0,0,0,30080478,45032311,19145935,0,0,0,0,0,0,0,0
C0429,АО «Восточный-Холдинг-429»,Электромонтажные работы,not_flagged,0,0,0,29877308,97395855,35198390,0,0,0,0,0,0,0,0
C0039,АО «Союз-Холдинг-039»,Выращивание зерновых,not_flagged,0,0,0,29692883,83595236,28533858,0,0,0,0,0,0,0,0
C0461,ООО «Вектор-Ко-461»,Гостиницы,not_flagged,0,0,0,29422158,71603823,22788192,0,0,0,0,0,0,0,0
C0199,АО «Восточный-Плюс-199»,Частная медицина,not_flagged,0,0,0,29385278,61161543,25102118,0,0,0,0,0,0,0,0
C0143,ООО «Партнёр-Инвест-143»,IT-консалтинг,not_flagged,0,0,0,29222201,54388356,17598839,0,0,0,0,0,0,0,0
C0397,ООО «Сигма-Ко-397»,Оптовая торговля,not_flagged,0,0,0,29056624,160408633,69669753,0,0,0,0,0,0,0,0
C0022,АО «Северный-Корп-022»,Лесозаготовка,not_flagged,0,0,0,28535421,76451770,32505882,0,0,0,0,0,0,0,0
C0500,ООО «Гранит-Ко-500»,Аренда недвижимости,not_flagged,0,0,0,28495544,69842176,22894371,0,0,0,0,0,0,0,0
C0252,ООО «Атлас-Пром-252»,Рестораны и кафе,not_flagged,0,0,0,28449859,72608397,29124225,0,0,0,0,0,0,0,0
C0448,ПАО «Прогресс-Инвест-448»,Выращивание зерновых,not_flagged,0,0,0,28166371,67559516,23326033,0,0,0,0,0,0,0,0
C0291,АО «Финанс-Корп-291»,Лесозаготовка,not_flagged,0,0,0,28078304,62291582,19529920,0,0,0,0,0,0,0,0
C0353,АО «Вектор-Инвест-353»,Разработка ПО,not_flagged,0,0,0,28047648,49608416,16856650,0,0,0,0,0,0,0,0
C0382,ООО «Вектор-Ко-382»,IT-консалтинг,not_flagged,0,0,0,27944139,40958245,10741250,0,0,0,0,0,0,0,0
C0458,ПАО «Гранит-Маркет-458»,Розничная торговля,not_flagged,0,0,0,27942565,148285904,38239653,0,0,0,0,0,0,0,0
C0146,ООО «Альфа-Корп-146»,Частная медицина,not_flagged,0,0,0,27869631,74026079,18057830,0,0,0,0,0,0,0,0
C0236,ООО «Металл-Ко-236»,Разработка ПО,not_flagged,0,0,0,27486199,45160791,11951192,0,0,0,0,0,0,0,0
C0013,ООО «Партнёр-Сервис-013»,Грузоперевозки автомобильным транспортом,not_flagged,0,0,0,27087171,71863456,23530553,0,0,0,0,0,0,0,0
C0197,ООО «Логист-Ко-197»,Строительство зданий,not_flagged,0,0,0,26791687,74052731,26218758,0,0,0,0,0,0,0,0
C0132,ООО «Прогресс-Сервис-132»,Управленческий консалтинг,not_flagged,0,0,0,26507075,38386199,16508495,0,0,0,0,0,0,0,0
C0324,ООО «Промт-Ко-324»,Гостиницы,not_flagged,0,0,0,26266391,70540710,24150890,0,0,0,0,0,0,0,0
C0414,ПАО «Альфа-Плюс-414»,Производство хлебобулочных изделий,not_flagged,0,0,0,26219248,86297094,34654049,0,0,0,0,0,0,0,0
C0118,АО «Ресурс-Логистик-118»,Лесозаготовка,not_flagged,0,0,0,25955837,83152028,20992173,0,0,0,0,0,0,0,0
C0078,АО «Техно-Ко-078»,IT-консалтинг,not_flagged,0,0,0,25875426,43850651,14461342,0,0,0,0,0,0,0,0
C0084,ПАО «Вектор-Инжиниринг-084»,Аудит и бухгалтерия,not_flagged,0,0,0,25856753,40962073,13307816,0,0,0,0,0,0,0,0
C0062,ООО «Капитал-Холдинг-062»,Аудит и бухгалтерия,not_flagged,0,0,0,25849157,279593140,107346286,0,0,0,0,0,0,0,0
C0404,АО «Техно-Ко-404»,Розничная торговля,not_flagged,0,0,0,25755944,213687308,52686551,0,0,0,0,0,0,0,0
C0188,ПАО «Северный-Ко-188»,Производство пластмасс,not_flagged,0,0,0,25618090,99423723,25844056,0,0,0,0,0,0,0,0
C0268,АО «Южный-Логистик-268»,Транспортная логистика,not_flagged,0,0,0,25471532,63200730,23809048,0,0,0,0,0,0,0,0
C0203,ООО «Мастер-Инжиниринг-203»,Производство алкогольных напитков,not_flagged,0,0,0,25429668,73580186,25132315,0,0,0,0,0,0,0,0
C0348,АО «Северный-Трейд-348»,Производство металлоконструкций,not_flagged,0,0,0,25325796,80355655,24538383,0,0,0,0,0,0,0,0
C0073,АО «Капитал-Логистик-073»,Аудит и бухгалтерия,not_flagged,0,0,0,25101739,44187162,12409795,0,0,0,0,0,0,0,0
C0059,АО «Бизнес-Плюс-059»,Аренда недвижимости,not_flagged,0,0,0,24645414,71888693,23640752,0,0,0,0,0,0,0,0
C0241,ПАО «Монолит-Маркет-241»,Лесозаготовка,not_flagged,0,0,0,24541874,57947154,23835833,0,0,0,0,0,0,0,0
C0036,АО «Альфа-Корп-036»,IT-консалтинг,not_flagged,0,0,0,24488573,37293745,9839764,0,0,0,0,0,0,0,0
C0071,ПАО «Бизнес-Трейд-071»,Рестораны и кафе,not_flagged,0,0,0,23838161,60245158,19047769,0,0,0,0,0,0,0,0
C0145,ПАО «Трейд-Ко-145»,Разработка ПО,not_flagged,0,0,0,23771881,41423922,13669723,0,0,0,0,0,0,0,0
C0470,АО «Ресурс-Ко-470»,Электромонтажные работы,not_flagged,0,0,0,23644061,71464611,27829599,0,0,0,0,0,0,0,0
C0179,АО «Трейд-Пром-179»,Производство металлоконструкций,not_flagged,0,0,0,23443357,74411400,18911868,0,0,0,0,0,0,0,0
C0161,ООО «Прогресс-Корп-161»,Электромонтажные работы,not_flagged,0,0,0,23242386,81734669,22833501,0,0,0,0,0,0,0,0
C0428,ООО «Гранит-Инвест-428»,Грузоперевозки автомобильным транспортом,not_flagged,0,0,0,23025963,64770315,15568854,0,0,0,0,0,0,0,0
C0180,АО «Техно-Трейд-180»,Производство хлебобулочных изделий,not_flagged,0,0,0,22984343,70888519,22348755,0,0,0,0,0,0,0,0
C0320,АО «Омега-Торг-320»,Транспортная логистика,not_flagged,0,0,0,22934413,72372860,19321291,0,0,0,0,0,0,0,0
C0095,ПАО «Кристалл-Корп-095»,Производство пластмасс,not_flagged,0,0,0,22593881,91038192,36154441,0,0,0,0,0,0,0,0
C0463,ООО «Промт-Групп-463»,Рестораны и кафе,not_flagged,0,0,0,22308755,53298535,23333739,0,0,0,0,0,0,0,0
C0292,ООО «Техно-Холдинг-292»,Электромонтажные работы,not_flagged,0,0,0,22290075,55163140,15079484,0,0,0,0,0,0,0,0
C0057,ООО «Ресурс-Холдинг-057»,Розничная торговля,not_flagged,0,0,0,21994832,82354309,38702525,0,0,0,0,0,0,0,0
C0129,ООО «Восточный-Корп-129»,Лесозаготовка,not_flagged,0,0,0,21845256,52219410,17868339,0,0,0,0,0,0,0,0
C0080,АО «Инвест-Инжиниринг-080»,Строительство зданий,not_flagged,0,0,0,21684891,42501394,17873210,0,0,0,0,0,0,0,0
C0144,АО «Капитал-Групп-144»,Гостиницы,not_flagged,0,0,0,21546447,61744992,23961812,0,0,0,0,0,0,0,0
C0450,ООО «Промт-Пром-450»,Производство хлебобулочных изделий,not_flagged,0,0,0,21428680,66498753,13595784,0,0,0,0,0,0,0,0
C0021,АО «Омега-Корп-021»,Производство металлоконструкций,not_flagged,0,0,0,21251746,75477728,28992471,0,0,0,0,0,0,0,0
C0298,АО «Премиум-Трейд-298»,Рестораны и кафе,not_flagged,0,0,0,21182210,54450921,15240686,0,0,0,0,0,0,0,0
C0122,АО «Восточный-Сервис-122»,Аудит и бухгалтерия,not_flagged,0,0,0,21109941,39083749,10664028,0,0,0,0,0,0,0,0
C0323,АО «Ресурс-Логистик-323»,Грузоперевозки автомобильным транспортом,not_flagged,0,0,0,21052704,77863627,35272838,0,0,0,0,0,0,0,0
C0432,АО «Прогресс-Инвест-432»,Производство хлебобулочных изделий,not_flagged,0,0,0,20866409,80964441,28941838,0,0,0,0,0,0,0,0
C0216,ПАО «Мастер-Пром-216»,Частная медицина,not_flagged,0,0,0,20824195,51941516,12945825,0,0,0,0,0,0,0,0
C0322,ООО «Трейд-Холдинг-322»,Гостиницы,not_flagged,0,0,0,20707913,70858127,18763636,0,0,0,0,0,0,0,0
C0468,ООО «Сигма-Пром-468»,Грузоперевозки автомобильным транспортом,not_flagged,0,0,0,20572037,50863878,20986788,0,0,0,0,0,0,0,0
C0377,АО «Трейд-Групп-377»,Строительство зданий,not_flagged,0,0,0,20560825,71614115,25339771,0,0,0,0,0,0,0,0
C0284,ООО «Трейд-Инжиниринг-284»,Производство алкогольных напитков,not_flagged,0,0,0,20558397,87951448,16516668,0,0,0,0,0,0,0,0
C0195,АО «Восточный-Ко-195»,Транспортная логистика,not_flagged,0,0,0,20271837,63561704,24542074,0,0,0,0,0,0,0,0
C0092,АО «Альфа-Групп-092»,Лесозаготовка,not_flagged,0,0,0,20246248,52927616,15812593,0,0,0,0,0,0,0,0
C0176,АО «Техно-Сервис-176»,Производство металлоконструкций,not_flagged,0,0,0,20176705,66016564,17124479,0,0,0,0,0,0,0,0
C0178,АО «Вектор-Корп-178»,Производство алкогольных напитков,not_flagged,0,0,0,20064838,56809924,18546000,0,0,0,0,0,0,0,0
C0415,ПАО «Трейд-Пром-415»,Выращивание зерновых,not_flagged,0,0,0,19764987,58849066,18717448,0,0,0,0,0,0,0,0
C0222,ПАО «Металл-Пром-222»,Лесозаготовка,not_flagged,0,0,0,19703850,47402329,13154941,0,0,0,0,0,0,0,0
C0455,ПАО «Бизнес-Инвест-455»,Электромонтажные работы,not_flagged,0,0,0,19593467,49026252,13164861,0,0,0,0,0,0,0,0
C0110,ООО «Монолит-Плюс-110»,Производство пластмасс,not_flagged,0,0,0,19436799,70689096,19992791,0,0,0,0,0,0,0,0
C0301,АО «Мастер-Пром-301»,Рестораны и кафе,not_flagged,0,0,0,19408448,59445622,18490458,0,0,0,0,0,0,0,0
C0247,АО «Сигма-Маркет-247»,Лесозаготовка,not_flagged,0,0,0,19092532,53253979,16601374,0,0,0,0,0,0,0,0
C0166,АО «Кристалл-Инжиниринг-166»,Производство металлоконструкций,not_flagged,0,0,0,18900622,71509389,29413634,0,0,0,0,0,0,0,0
C0070,ПАО «Вектор-Трейд-070»,Грузоперевозки автомобильным транспортом,not_flagged,0,0,0,18750604,47768417,16405570,0,0,0,0,0,0,0,0
C0496,ООО «Финанс-Инжиниринг-496»,Строительство зданий,not_flagged,0,0,0,18586970,72991874,30963502,0,0,0,0,0,0,0,0
C0264,ООО «Строй-Пром-264»,Лесозаготовка,not_flagged,0,0,0,18526652,46068043,11995558,0,0,0,0,0,0,0,0
C0352,ООО «Северный-Торг-352»,Грузоперевозки автомобильным транспортом,not_flagged,0,0,0,18514764,55519098,21226964,0,0,0,0,0,0,0,0
C0413,ПАО «Восточный-Инжиниринг-413»,Грузоперевозки автомобильным транспортом,not_flagged,0,0,0,18394934,59319408,17253035,0,0,0,0,0,0,0,0
C0171,АО «Логист-Логистик-171»,Аудит и бухгалтерия,not_flagged,0,0,0,18139307,29996740,8756655,0,0,0,0,0,0,0,0
C0362,АО «Мастер-Маркет-362»,Производство хлебобулочных изделий,not_flagged,0,0,0,18127848,71591969,19725479,0,0,0,0,0,0,0,0
C0102,ПАО «Восточный-Холдинг-102»,Производство алкогольных напитков,not_flagged,0,0,0,18054878,79526758,26578036,0,0,0,0,0,0,0,0
C0207,ПАО «Финанс-Торг-207»,Разработка ПО,not_flagged,0,0,0,17973666,32954228,9555130,0,0,0,0,0,0,0,0
C0140,ПАО «Союз-Ко-140»,Электромонтажные работы,not_flagged,0,0,0,17910781,59848065,15357030,0,0,0,0,0,0,0,0
C0452,АО «Техно-Плюс-452»,Производство хлебобулочных изделий,not_flagged,0,0,0,17827971,64643712,13025450,0,0,0,0,0,0,0,0
C0281,ООО «Монолит-Ко-281»,Производство металлоконструкций,not_flagged,0,0,0,17826643,57880760,15868255,0,0,0,0,0,0,0,0
C0007,ПАО «Капитал-Плюс-007»,Электромонтажные работы,not_flagged,0,0,0,17790609,47896775,14159096,0,0,0,0,0,0,0,0
C0208,ООО «Атлас-Логистик-208»,Транспортная логистика,not_flagged,0,0,0,17701101,44600664,15098635,0,0,0,0,0,0,0,0
C0403,ООО «Техно-Торг-403»,Производство металлоконструкций,not_flagged,0,0,0,17521236,82412586,32007903,0,0,0,0,0,0,0,0
C0482,ПАО «Южный-Сервис-482»,Строительство зданий,not_flagged,0,0,0,17458540,50425570,22960483,0,0,0,0,0,0,0,0
C0333,ПАО «Мастер-Групп-333»,Производство металлоконструкций,not_flagged,0,0,0,17391450,87598764,31615453,0,0,0,0,0,0,0,0
C0081,АО «Логист-Трейд-081»,Лесозаготовка,not_flagged,0,0,0,17374314,56464914,18543826,0,0,0,0,0,0,0,0
C0115,ПАО «Техно-Корп-115»,Разработка ПО,not_flagged,0,0,0,17271867,25931959,7599393,0,0,0,0,0,0,0,0
C0119,ООО «Мастер-Холдинг-119»,Производство пластмасс,not_flagged,0,0,0,17106341,61054036,23780006,0,0,0,0,0,0,0,0
C0321,ПАО «Гранит-Инвест-321»,Частная медицина,not_flagged,0,0,0,17097280,40374423,10620827,0,0,0,0,0,0,0,0
C0043,ПАО «Восточный-Ко-043»,Грузоперевозки автомобильным транспортом,not_flagged,0,0,0,16850509,48251834,12197595,0,0,0,0,0,0,0,0
C0167,ПАО «Южный-Ко-167»,Производство металлоконструкций,not_flagged,0,0,0,16791447,52463831,19480970,0,0,0,0,0,0,0,0
C0262,ООО «Металл-Торг-262»,Розничная торговля,not_flagged,0,0,0,16772522,91042443,22505356,0,0,0,0,0,0,0,0
C0398,ПАО «Омега-Холдинг-398»,Гостиницы,not_flagged,0,0,0,16583060,39590561,11842141,0,0,0,0,0,0,0,0
C0245,ПАО «Вектор-Торг-245»,Рестораны и кафе,not_flagged,0,0,0,16550373,57445628,14792492,0,0,0,0,0,0,0,0
C0394,ПАО «Вектор-Корп-394»,Частная медицина,not_flagged,0,0,0,16542582,39212248,14782647,0,0,0,0,0,0,0,0
C0089,ООО «Мастер-Торг-089»,Производство пластмасс,not_flagged,0,0,0,16508838,55096056,15699995,0,0,0,0,0,0,0,0
C0335,ООО «Северный-Торг-335»,Производство хлебобулочных изделий,not_flagged,0,0,0,16196004,55189129,19771132,0,0,0,0,0,0,0,0
C0442,ПАО «Финанс-Плюс-442»,Гостиницы,not_flagged,0,0,0,16184070,34684305,11925517,0,0,0,0,0,0,0,0
C0497,ООО «Мастер-Торг-497»,Рестораны и кафе,not_flagged,0,0,0,16045571,51756037,14280535,0,0,0,0,0,0,0,0
C0141,ООО «Атлас-Сервис-141»,Рестораны и кафе,not_flagged,0,0,0,15956260,70932446,23459989,0,0,0,0,0,0,0,0
C0151,АО «Партнёр-Групп-151»,Лесозаготовка,not_flagged,0,0,0,15873512,53389259,15039147,0,0,0,0,0,0,0,0
C0198,ПАО «Монолит-Корп-198»,Производство алкогольных напитков,not_flagged,0,0,0,15869572,56088621,21859636,0,0,0,0,0,0,0,0
C0388,ООО «Капитал-Пром-388»,Розничная торговля,not_flagged,0,0,0,15805689,91230849,26981490,0,0,0,0,0,0,0,0
C0218,АО «Вектор-Холдинг-218»,Рестораны и кафе,not_flagged,0,0,0,15594919,39718585,15488949,0,0,0,0,0,0,0,0
C0159,ООО «Металл-Логистик-159»,Производство хлебобулочных изделий,not_flagged,0,0,0,15576884,85576250,23936700,0,0,0,0,0,0,0,0
C0096,ПАО «Кристалл-Плюс-096»,Производство пластмасс,not_flagged,0,0,0,15429052,72469062,21495502,0,0,0,0,0,0,0,0
C0271,АО «Металл-Торг-271»,IT-консалтинг,not_flagged,0,0,0,15314086,21129417,4735918,0,0,0,0,0,0,0,0
C0431,ПАО «Союз-Инжиниринг-431»,Транспортная логистика,not_flagged,0,0,0,15068442,48403654,19566108,0,0,0,0,0,0,0,0
C0023,ПАО «Трейд-Пром-023»,Управленческий консалтинг,not_flagged,0,0,0,15046273,24703722,5506787,0,0,0,0,0,0,0,0
C0360,ПАО «Сигма-Пром-360»,IT-консалтинг,not_flagged,0,0,0,14952543,24542951,8266732,0,0,0,0,0,0,0,0
C0390,АО «Союз-Групп-390»,Производство пластмасс,not_flagged,0,0,0,14924014,63156374,24256110,0,0,0,0,0,0,0,0
C0042,АО «Союз-Логистик-042»,Производство металлоконструкций,not_flagged,0,0,0,14776761,54545726,17165644,0,0,0,0,0,0,0,0
C0402,ПАО «Строй-Корп-402»,Выращивание зерновых,not_flagged,0,0,0,14545973,43542267,15780252,0,0,0,0,0,0,0,0
C0370,ПАО «Кристалл-Плюс-370»,Частная медицина,not_flagged,0,0,0,14138110,32797849,9357811,0,0,0,0,0,0,0,0
C0486,ООО «Логист-Групп-486»,Грузоперевозки автомобильным транспортом,not_flagged,0,0,0,14087015,35806877,13806286,0,0,0,0,0,0,0,0
C0453,АО «Финанс-Инвест-453»,Частная медицина,not_flagged,0,0,0,14050641,36463586,7877722,0,0,0,0,0,0,0,0
C0169,АО «Ресурс-Сервис-169»,Производство хлебобулочных изделий,not_flagged,0,0,0,13777226,57530466,19709161,0,0,0,0,0,0,0,0
C0054,АО «Бизнес-Маркет-054»,Выращивание зерновых,not_flagged,0,0,0,13750431,43318959,15722120,0,0,0,0,0,0,0,0
C0342,ПАО «Инвест-Корп-342»,Электромонтажные работы,not_flagged,0,0,0,13563313,30094599,9242031,0,0,0,0,0,0,0,0
C0418,АО «Альфа-Групп-418»,Разработка ПО,not_flagged,0,0,0,13483244,21186169,7842467,0,0,0,0,0,0,0,0
C0128,АО «Гранит-Инвест-128»,Производство алкогольных напитков,not_flagged,0,0,0,13430831,44580625,13071432,0,0,0,0,0,0,0,0
C0066,АО «Премиум-Инвест-066»,Гостиницы,not_flagged,0,0,0,13415749,35041322,11776802,0,0,0,0,0,0,0,0
C0426,АО «Строй-Маркет-426»,Розничная торговля,not_flagged,0,0,0,13394347,60767665,20583885,0,0,0,0,0,0,0,0
C0425,АО «Монолит-Маркет-425»,Производство хлебобулочных изделий,not_flagged,0,0,0,13387782,57484234,17448820,0,0,0,0,0,0,0,0
C0389,ПАО «Монолит-Инжиниринг-389»,Аренда недвижимости,not_flagged,0,0,0,13247050,30723696,10410500,0,0,0,0,0,0,0,0
C0079,ООО «Металл-Пром-079»,Производство хлебобулочных изделий,not_flagged,0,0,0,13164163,63569180,26615005,0,0,0,0,0,0,0,0
C0214,ПАО «Союз-Групп-214»,Строительство зданий,not_flagged,0,0,0,13081546,35116688,9849645,0,0,0,0,0,0,0,0
C0374,ООО «Финанс-Инвест-374»,Лесозаготовка,not_flagged,0,0,0,13043629,40054030,14942010,0,0,0,0,0,0,0,0
C0295,ООО «Бизнес-Инжиниринг-295»,Грузоперевозки автомобильным транспортом,not_flagged,0,0,0,12953271,37666310,16804534,0,0,0,0,0,0,0,0
C0300,ПАО «Трейд-Плюс-300»,Аудит и бухгалтерия,not_flagged,0,0,0,12764191,18566442,7649088,0,0,0,0,0,0,0,0
C0015,ПАО «Логист-Плюс-015»,Производство металлоконструкций,not_flagged,0,0,0,12697911,46230872,16345964,0,0,0,0,0,0,0,0
C0459,АО «Кристалл-Инвест-459»,Строительство зданий,not_flagged,0,0,0,12591167,40305849,11025159,0,0,0,0,0,0,0,0
C0181,ООО «Атлас-Ко-181»,Производство алкогольных напитков,not_flagged,0,0,0,12487028,45794298,11518930,0,0,0,0,0,0,0,0
C0341,АО «Южный-Маркет-341»,Производство хлебобулочных изделий,not_flagged,0,0,0,12467545,60240016,16792879,0,0,0,0,0,0,0,0
C0014,ПАО «Сигма-Инвест-014»,Транспортная логистика,not_flagged,0,0,0,12394975,28968869,7873706,0,0,0,0,0,0,0,0
C0400,ПАО «Техно-Ко-400»,Оптовая торговля,not_flagged,0,0,0,12083037,61220159,16426812,0,0,0,0,0,0,0,0
C0041,ПАО «Инвест-Холдинг-041»,Производство пластмасс,not_flagged,0,0,0,11968347,41858581,11240314,0,0,0,0,0,0,0,0
C0289,АО «Ресурс-Ко-289»,Производство пластмасс,not_flagged,0,0,0,11877783,37460466,15350317,0,0,0,0,0,0,0,0
C0318,ООО «Трейд-Пром-318»,Строительство зданий,not_flagged,0,0,0,11809348,28071420,10041764,0,0,0,0,0,0,0,0
C0279,ООО «Южный-Инвест-279»,Оптовая торговля,not_flagged,0,0,0,11594360,62266910,18278063,0,0,0,0,0,0,0,0
C0313,ООО «Техно-Пром-313»,Частная медицина,not_flagged,0,0,0,11563879,37160356,13098100,0,0,0,0,0,0,0,0
C0192,ПАО «Мастер-Сервис-192»,Аренда недвижимости,not_flagged,0,0,0,11425988,26538700,6203175,0,0,0,0,0,0,0,0
C0215,ООО «Прогресс-Холдинг-215»,Лесозаготовка,not_flagged,0,0,0,11325000,25593721,8629264,0,0,0,0,0,0,0,0
C0087,ПАО «Южный-Ко-087»,Производство хлебобулочных изделий,not_flagged,0,0,0,11265394,43179699,11888778,0,0,0,0,0,0,0,0
C0441,АО «Сигма-Групп-441»,Транспортная логистика,not_flagged,0,0,0,11071466,28684551,11353879,0,0,0,0,0,0,0,0
C0407,ПАО «Финанс-Торг-407»,Выращивание зерновых,not_flagged,0,0,0,11048218,28445009,8871205,0,0,0,0,0,0,0,0
C0481,ООО «Промт-Трейд-481»,Розничная торговля,not_flagged,0,0,0,10994125,75545257,25422122,0,0,0,0,0,0,0,0
C0105,ПАО «Восточный-Пром-105»,Частная медицина,not_flagged,0,0,0,10930200,24852286,6037698,0,0,0,0,0,0,0,0
C0108,АО «Металл-Плюс-108»,Производство металлоконструкций,not_flagged,0,0,0,10923643,33986751,11867244,0,0,0,0,0,0,0,0
C0315,ООО «Прогресс-Холдинг-315»,Электромонтажные работы,not_flagged,0,0,0,10923496,32867350,10135479,0,0,0,0,0,0,0,0
C0034,АО «Ресурс-Ко-034»,Производство хлебобулочных изделий,not_flagged,0,0,0,10857229,46606442,12714476,0,0,0,0,0,0,0,0
C0469,АО «Южный-Пром-469»,Производство металлоконструкций,not_flagged,0,0,0,10808360,42010847,14246314,0,0,0,0,0,0,0,0
C0238,ПАО «Восточный-Торг-238»,Электромонтажные работы,not_flagged,0,0,0,10606494,21391650,7535105,0,0,0,0,0,0,0,0
C0111,АО «Прогресс-Ко-111»,Гостиницы,not_flagged,0,0,0,10591477,28069661,6581466,0,0,0,0,0,0,0,0
C0494,ООО «Вектор-Групп-494»,Гостиницы,not_flagged,0,0,0,10492770,27067891,8657155,0,0,0,0,0,0,0,0
C0001,ООО «Строй-Плюс-001»,Производство металлоконструкций,not_flagged,0,0,0,10355632,39895305,10665779,0,0,0,0,0,0,0,0
C0067,АО «Партнёр-Сервис-067»,Рестораны и кафе,not_flagged,0,0,0,10300128,26762443,12491416,0,0,0,0,0,0,0,0
C0310,ООО «Южный-Пром-310»,Выращивание зерновых,not_flagged,0,0,0,10260396,24529946,9038089,0,0,0,0,0,0,0,0
C0149,АО «Капитал-Холдинг-149»,Рестораны и кафе,not_flagged,0,0,0,9848459,28889924,11791357,0,0,0,0,0,0,0,0
C0028,ООО «Северный-Сервис-028»,Транспортная логистика,not_flagged,0,0,0,9764339,28768386,9348659,0,0,0,0,0,0,0,0
C0242,АО «Капитал-Групп-242»,Выращивание зерновых,not_flagged,0,0,0,9659547,38878345,10804513,0,0,0,0,0,0,0,0
C0302,ПАО «Сигма-Групп-302»,Производство металлоконструкций,not_flagged,0,0,0,9526214,39220719,10169702,0,0,0,0,0,0,0,0
C0329,ООО «Финанс-Инжиниринг-329»,Гостиницы,not_flagged,0,0,0,9399306,21529540,4797194,0,0,0,0,0,0,0,0
C0456,АО «Металл-Холдинг-456»,Электромонтажные работы,not_flagged,0,0,0,9368571,19075145,6693869,0,0,0,0,0,0,0,0
C0357,АО «Логист-Плюс-357»,Лесозаготовка,not_flagged,0,0,0,9341610,22187479,7541152,0,0,0,0,0,0,0,0
C0136,АО «Бизнес-Пром-136»,Оптовая торговля,not_flagged,0,0,0,9106738,87400365,34113136,0,0,0,0,0,0,0,0
C0386,ООО «Промт-Групп-386»,Лесозаготовка,not_flagged,0,0,0,9066294,22728005,8234873,0,0,0,0,0,0,0,0
C0495,ПАО «Финанс-Плюс-495»,Гостиницы,not_flagged,0,0,0,9042502,20757135,7483000,0,0,0,0,0,0,0,0
C0217,ПАО «Металл-Ко-217»,Производство металлоконструкций,not_flagged,0,0,0,9009041,37855894,12722659,0,0,0,0,0,0,0,0
C0436,АО «Инвест-Маркет-436»,Гостиницы,not_flagged,0,0,0,8981482,27536790,7361985,0,0,0,0,0,0,0,0
C0075,АО «Металл-Пром-075»,Аренда недвижимости,not_flagged,0,0,0,8905947,23879766,7261535,0,0,0,0,0,0,0,0
C0493,ООО «Логист-Логистик-493»,Выращивание зерновых,not_flagged,0,0,0,8891423,22451877,6609617,0,0,0,0,0,0,0,0
C0365,АО «Союз-Инвест-365»,Производство металлоконструкций,not_flagged,0,0,0,8829268,25720532,7812313,0,0,0,0,0,0,0,0
C0183,АО «Техно-Холдинг-183»,Производство металлоконструкций,not_flagged,0,0,0,8776723,28567903,7194255,0,0,0,0,0,0,0,0
C0127,ООО «Капитал-Маркет-127»,Производство алкогольных напитков,not_flagged,0,0,0,8767496,33239450,10291005,0,0,0,0,0,0,0,0
C0305,ООО «Трейд-Групп-305»,Аудит и бухгалтерия,not_flagged,0,0,0,8622024,60392337,18605064,0,0,0,0,0,0,0,0
C0311,ООО «Союз-Логистик-311»,Розничная торговля,not_flagged,0,0,0,8614214,41341939,18744804,0,0,0,0,0,0,0,0
C0237,ООО «Союз-Корп-237»,Производство алкогольных напитков,not_flagged,0,0,0,8544778,53595036,15751425,0,0,0,0,0,0,0,0
C0319,АО «Монолит-Ко-319»,Лесозаготовка,not_flagged,0,0,0,8417065,19157517,7367906,0,0,0,0,0,0,0,0
C0131,АО «Промт-Холдинг-131»,Электромонтажные работы,not_flagged,0,0,0,8332832,19057225,7599447,0,0,0,0,0,0,0,0
C0477,АО «Техно-Холдинг-477»,Транспортная логистика,not_flagged,0,0,0,8324578,24825483,5839726,0,0,0,0,0,0,0,0
C0147,АО «Восточный-Пром-147»,Лесозаготовка,not_flagged,0,0,0,8178409,20428212,7165165,0,0,0,0,0,0,0,0
C0257,ПАО «Мастер-Сервис-257»,Производство хлебобулочных изделий,not_flagged,0,0,0,8055404,31087283,9531183,0,0,0,0,0,0,0,0
C0064,ПАО «Сигма-Холдинг-064»,Строительство зданий,not_flagged,0,0,0,8011064,22168416,6132327,0,0,0,0,0,0,0,0
C0130,ООО «Финанс-Инвест-130»,Производство алкогольных напитков,not_flagged,0,0,0,7659078,26221154,9867451,0,0,0,0,0,0,0,0
C0265,АО «Инвест-Инжиниринг-265»,Оптовая торговля,not_flagged,0,0,0,7610319,165262164,68032914,0,0,0,0,0,0,0,0
C0457,ООО «Партнёр-Холдинг-457»,Производство хлебобулочных изделий,not_flagged,0,0,0,7440602,19646705,6821439,0,0,0,0,0,0,0,0
C0474,ООО «Трейд-Торг-474»,Выращивание зерновых,not_flagged,0,0,0,7381373,22251471,6700144,0,0,0,0,0,0,0,0
C0046,ООО «Атлас-Корп-046»,Производство пластмасс,not_flagged,0,0,0,7260459,23386411,9354916,0,0,0,0,0,0,0,0
C0153,АО «Северный-Пром-153»,Строительство зданий,not_flagged,0,0,0,7178456,19906250,6141792,0,0,0,0,0,0,0,0
C0090,АО «Строй-Ко-090»,Производство алкогольных напитков,not_flagged,0,0,0,7100720,23689748,7910836,0,0,0,0,0,0,0,0
C0435,АО «Мастер-Ко-435»,Розничная торговля,not_flagged,0,0,0,7030412,71259297,23089813,0,0,0,0,0,0,0,0
C0173,ПАО «Северный-Инжиниринг-173»,Грузоперевозки автомобильным транспортом,not_flagged,0,0,0,7020024,19734271,6444571,0,0,0,0,0,0,0,0
C0485,АО «Прогресс-Трейд-485»,Выращивание зерновых,not_flagged,0,0,0,7011946,17929104,4313532,0,0,0,0,0,0,0,0
C0326,ПАО «Финанс-Холдинг-326»,Электромонтажные работы,not_flagged,0,0,0,6980621,23837207,6782310,0,0,0,0,0,0,0,0
C0055,АО «Техно-Групп-055»,Производство алкогольных напитков,not_flagged,0,0,0,6829611,24106098,6683887,0,0,0,0,0,0,0,0
C0443,ПАО «Союз-Групп-443»,Оптовая торговля,not_flagged,0,0,0,6821014,82709755,21538164,0,0,0,0,0,0,0,0
C0253,ПАО «Северный-Холдинг-253»,Производство хлебобулочных изделий,not_flagged,0,0,0,6816174,23004153,5988188,0,0,0,0,0,0,0,0
C0280,ПАО «Техно-Корп-280»,Аренда недвижимости,not_flagged,0,0,0,6697628,15674602,6136495,0,0,0,0,0,0,0,0
C0306,АО «Трейд-Инвест-306»,Оптовая торговля,not_flagged,0,0,0,6390232,55699462,16664577,0,0,0,0,0,0,0,0
C0375,ПАО «Техно-Плюс-375»,Гостиницы,not_flagged,0,0,0,6220217,16372791,5261533,0,0,0,0,0,0,0,0
C0086,ООО «Союз-Корп-086»,Производство алкогольных напитков,not_flagged,0,0,0,5979505,27566783,6686319,0,0,0,0,0,0,0,0
C0355,АО «Северный-Инжиниринг-355»,Розничная торговля,not_flagged,0,0,0,5903687,35463552,12748598,0,0,0,0,0,0,0,0
C0200,ПАО «Омега-Ко-200»,Оптовая торговля,not_flagged,0,0,0,5784833,44635012,16079443,0,0,0,0,0,0,0,0
C0206,ООО «Промт-Трейд-206»,Розничная торговля,not_flagged,0,0,0,5632214,31691775,8955133,0,0,0,0,0,0,0,0
C0249,ПАО «Логист-Сервис-249»,Производство алкогольных напитков,not_flagged,0,0,0,5589283,16984423,5846488,0,0,0,0,0,0,0,0
C0061,ПАО «Атлас-Инжиниринг-061»,Оптовая торговля,not_flagged,0,0,0,5588428,38935088,11327860,0,0,0,0,0,0,0,0
C0350,ПАО «Восточный-Ко-350»,Оптовая торговля,not_flagged,0,0,0,5174029,64861814,28053293,0,0,0,0,0,0,0,0
C0033,ООО «Логист-Логистик-033»,Производство пластмасс,not_flagged,0,0,0,4850426,17906770,6442474,0,0,0,0,0,0,0,0
C0399,ПАО «Трейд-Групп-399»,Розничная торговля,not_flagged,0,0,0,4428388,25944085,8428780,0,0,0,0,0,0,0,0
C0467,ПАО «Ресурс-Ко-467»,Производство металлоконструкций,not_flagged,0,0,0,4252814,25833917,7101682,0,0,0,0,0,0,0,0
C0156,ООО «Южный-Маркет-156»,Оптовая торговля,not_flagged,0,0,0,4202655,38764519,16096865,0,0,0,0,0,0,0,0
C0379,ПАО «Северный-Пром-379»,Аудит и бухгалтерия,not_flagged,0,0,0,4061522,32237572,9623597,0,0,0,0,0,0,0,0
C0303,ООО «Промт-Холдинг-303»,Оптовая торговля,not_flagged,0,0,0,3693436,39492313,15805614,0,0,0,0,0,0,0,0
C0204,АО «Ресурс-Групп-204»,Производство хлебобулочных изделий,not_flagged,0,0,0,3648224,22839089,6940003,0,0,0,0,0,0,0,0
C0385,ООО «Альфа-Холдинг-385»,Розничная торговля,not_flagged,0,0,0,3309900,31942751,9756275,0,0,0,0,0,0,0,0
C0364,АО «Премиум-Корп-364»,Оптовая торговля,not_flagged,0,0,0,2975512,21782781,8197410,0,0,0,0,0,0,0,0
C0184,ПАО «Металл-Холдинг-184»,Розничная торговля,not_flagged,0,0,0,2750812,43610171,14682143,0,0,0,0,0,0,0,0
C0006,ПАО «Прогресс-Ко-006»,Оптовая торговля,not_flagged,0,0,0,2684299,27204939,11543213,0,0,0,0,0,0,0,0
C0139,ООО «Промт-Плюс-139»,Оптовая торговля,not_flagged,0,0,0,2645914,20161972,4594918,0,0,0,0,0,0,0,0
C0401,ООО «Техно-Маркет-401»,Оптовая торговля,not_flagged,0,0,0,2560855,26783863,6351128,0,0,0,0,0,0,0,0
C0017,ПАО «Логист-Плюс-017»,Розничная торговля,not_flagged,0,0,0,2389242,18747477,5178516,0,0,0,0,0,0,0,0
C0040,ПАО «Партнёр-Торг-040»,Оптовая торговля,not_flagged,0,0,0,2342724,19316357,5088221,0,0,0,0,0,0,0,0
C0150,ПАО «Инвест-Корп-150»,Розничная торговля,not_flagged,0,0,0,2158773,21538382,8540683,0,0,0,0,0,0,0,0
C0421,ООО «Альфа-Сервис-421»,Грузоперевозки автомобильным транспортом,not_flagged,0,0,0,2117260,63476488,27191732,0,0,0,0,0,0,0,0
